{"cameraMode":{"drawMode":0,"name":"Shaded","section":"Shading Mode"},"sceneLighting":false,"audioPlay":false,"sceneViewState":{"showFog":false,"showMaterialUpdate":false,"showSkybox":false,"showFlares":false,"showImageEffects":false,"showParticleSystems":false},"in2DMode":false,"pivot":{"x":155.3939666748047,"y":64.843017578125,"z":58.2913932800293},"rotation":{"x":-0.09789383411407471,"y":-0.029845351353287698,"z":-0.002909435424953699,"w":0.994780421257019},"size":1.7772927284240723,"orthographic":true}