{"cameraMode":{"drawMode":0,"name":"Shaded","section":"Shading Mode"},"sceneLighting":false,"audioPlay":false,"sceneViewState":{"showFog":false,"showMaterialUpdate":false,"showSkybox":false,"showFlares":false,"showImageEffects":false,"showParticleSystems":false},"in2DMode":false,"pivot":{"x":26.90237045288086,"y":0.40262165665626528,"z":15.646897315979004},"rotation":{"x":-0.016228223219513894,"y":0.9552549123764038,"z":-0.05336791276931763,"w":-0.290477454662323},"size":5.943846225738525,"orthographic":false}