{"cameraMode":{"drawMode":0,"name":"Shaded","section":"Shading Mode"},"sceneLighting":false,"audioPlay":false,"sceneViewState":{"showFog":false,"showMaterialUpdate":false,"showSkybox":false,"showFlares":false,"showImageEffects":false,"showParticleSystems":false},"in2DMode":false,"pivot":{"x":158.12344360351563,"y":64.12874603271485,"z":58.59754943847656},"rotation":{"x":-0.09789383411407471,"y":-0.029845351353287698,"z":-0.002909435424953699,"w":0.994780421257019},"size":10.68022632598877,"orthographic":false}