{"cameraMode":{"drawMode":0,"name":"Shaded","section":"Shading Mode"},"sceneLighting":false,"audioPlay":false,"sceneViewState":{"showFog":false,"showMaterialUpdate":false,"showSkybox":false,"showFlares":false,"showImageEffects":false,"showParticleSystems":false},"in2DMode":false,"pivot":{"x":101.0208740234375,"y":0.6470081806182861,"z":45.75606155395508},"rotation":{"x":0.22000886499881745,"y":0.23861022293567658,"z":-0.05559179559350014,"w":0.9442690014839172},"size":3.291527032852173,"orthographic":false}