{"cameraMode":{"drawMode":0,"name":"Shaded","section":"Shading Mode"},"sceneLighting":false,"audioPlay":false,"sceneViewState":{"showFog":false,"showMaterialUpdate":false,"showSkybox":false,"showFlares":false,"showImageEffects":false,"showParticleSystems":false},"in2DMode":false,"pivot":{"x":112.99658203125,"y":1.5664219856262208,"z":139.98057556152345},"rotation":{"x":-0.27380406856536868,"y":-0.3905334174633026,"z":0.12286126613616944,"w":-0.8703123927116394},"size":7.676285743713379,"orthographic":true}