{"cameraMode":{"drawMode":0,"name":"Shaded","section":"Shading Mode"},"sceneLighting":false,"audioPlay":false,"sceneViewState":{"showFog":false,"showMaterialUpdate":false,"showSkybox":false,"showFlares":false,"showImageEffects":false,"showParticleSystems":false},"in2DMode":false,"pivot":{"x":25.783626556396486,"y":1.3770115375518799,"z":25.828447341918947},"rotation":{"x":0.22000886499881745,"y":0.23861022293567658,"z":-0.05559179559350014,"w":0.9442690014839172},"size":2.5063915252685549,"orthographic":false}