{"cameraMode":{"drawMode":0,"name":"Shaded","section":"Shading Mode"},"sceneLighting":false,"audioPlay":false,"sceneViewState":{"showFog":false,"showMaterialUpdate":false,"showSkybox":false,"showFlares":false,"showImageEffects":false,"showParticleSystems":false},"in2DMode":false,"pivot":{"x":24.599058151245118,"y":-10.076252937316895,"z":171.242431640625},"rotation":{"x":-0.020798148587346078,"y":0.9653728604316711,"z":-0.2470143735408783,"w":-0.0812826007604599},"size":29.128358840942384,"orthographic":false}